<?xml version="1.0" encoding="UTF-8"?>
<project-private xmlns="http://www.netbeans.org/ns/project-private/1">
    <editor-bookmarks xmlns="http://www.netbeans.org/ns/editor-bookmarks/2" lastBookmarkId="0"/>
    <open-files xmlns="http://www.netbeans.org/ns/projectui-open-files/2">
        <group>
            <file>file:/E:/INVESTIGA/ESPINOZA-SEÑAS-VENTOCILLA/SimpleFactoryExample/src/pe/epdy/simplefactoryexample/service/Dolar.java</file>
            <file>file:/E:/INVESTIGA/ESPINOZA-SEÑAS-VENTOCILLA/SimpleFactoryExample/src/pe/epdy/simplefactoryexample/prueba/Prueba.java</file>
            <file>file:/E:/INVESTIGA/ESPINOZA-SEÑAS-VENTOCILLA/SimpleFactoryExample/src/pe/epdy/simplefactoryexample/service/CambioService.java</file>
            <file>file:/E:/INVESTIGA/ESPINOZA-SEÑAS-VENTOCILLA/SimpleFactoryExample/src/pe/epdy/simplefactoryexample/service/CambioFactory.java</file>
            <file>file:/E:/INVESTIGA/ESPINOZA-SEÑAS-VENTOCILLA/SimpleFactoryExample/src/pe/epdy/simplefactoryexample/model/CambioModel.java</file>
        </group>
    </open-files>
</project-private>
