<?xml version="1.0" encoding="UTF-8"?>
<project-private xmlns="http://www.netbeans.org/ns/project-private/1">
    <editor-bookmarks xmlns="http://www.netbeans.org/ns/editor-bookmarks/2" lastBookmarkId="0"/>
    <open-files xmlns="http://www.netbeans.org/ns/projectui-open-files/2">
        <group>
            <file>file:/E:/INVESTIGA/ESPINOZA-SEÑAS-VENTOCILLA/MethodFactoryExample/src/pe/epdy/methodfactoryexample/factory/NumerosEspFactory.java</file>
            <file>file:/E:/INVESTIGA/ESPINOZA-SEÑAS-VENTOCILLA/MethodFactoryExample/src/pe/epdy/methodfactoryexample/factory/NumerosEsp.java</file>
            <file>file:/E:/INVESTIGA/ESPINOZA-SEÑAS-VENTOCILLA/MethodFactoryExample/src/pe/epdy/methodfactoryexample/prueba/Prueba.java</file>
            <file>file:/E:/INVESTIGA/ESPINOZA-SEÑAS-VENTOCILLA/MethodFactoryExample/src/pe/epdy/methodfactoryexample/model/ElijeIdiomaNumero.java</file>
            <file>file:/E:/INVESTIGA/ESPINOZA-SEÑAS-VENTOCILLA/MethodFactoryExample/src/pe/epdy/methodfactoryexample/factory/NumerosIng.java</file>
            <file>file:/E:/INVESTIGA/ESPINOZA-SEÑAS-VENTOCILLA/MethodFactoryExample/src/pe/epdy/methodfactoryexample/factory/NumerosIngFactory.java</file>
            <file>file:/E:/INVESTIGA/ESPINOZA-SEÑAS-VENTOCILLA/MethodFactoryExample/src/pe/epdy/methodfactoryexample/view/Principal.java</file>
        </group>
    </open-files>
</project-private>
